var hq_str_sz300001="特锐德,18.010,17.750,18.480,18.640,18.010,18.480,18.490,4149604,76322663.990,13600,18.480,800,18.470,27900,18.460,1500,18.450,20200,18.440,161720,18.490,139300,18.500,23695,18.510,400,18.520,300,18.530,2015-08-04,09:51:45,00";
var hq_str_sz300002="神州泰岳,13.290,13.350,13.610,13.890,13.220,13.610,13.620,7964183,108414018.620,7400,13.610,32100,13.600,20892,13.590,22300,13.580,10000,13.570,22399,13.620,6700,13.650,1200,13.660,5200,13.670,6000,13.680,2015-08-04,09:51:52,00";
var hq_str_sz300003="乐普医疗,42.220,41.980,41.660,42.750,41.600,41.660,41.770,661846,27753431.810,9475,41.660,15871,41.650,200,41.630,2000,41.620,2200,41.610,6000,41.770,600,41.790,600,41.800,500,41.860,1800,41.870,2015-08-04,09:51:52,00";
var hq_str_sz300004="南风股份,18.100,18.060,18.700,18.950,18.100,18.700,18.720,2911501,54333931.260,2708,18.700,100,18.690,17100,18.680,23300,18.670,13700,18.660,900,18.720,100,18.750,1000,18.770,5000,18.780,63100,18.790,2015-08-04,09:51:55,00";
var hq_str_sz300005="探路者,24.600,26.700,25.330,25.980,24.600,25.330,25.350,17000631,427660677.500,65100,25.330,2200,25.320,6900,25.310,69736,25.300,11900,25.290,1000,25.350,200,25.360,24200,25.370,14000,25.380,1600,25.390,2015-08-04,09:51:55,00";
var hq_str_sz300006="莱美药业,28.800,28.400,29.220,29.750,28.610,29.200,29.220,1497319,43740106.080,10900,29.200,3500,29.150,200,29.130,300,29.120,1000,29.110,1400,29.220,1100,29.290,9586,29.300,500,29.310,1200,29.340,2015-08-04,09:51:58,00";
var hq_str_sz300007="汉威电子,0.000,74.720,0.000,0.000,0,0.000,0.000,0,0.000,0,0.000,0,0.000,0,0.000,0,0.000,0,0.000,0,0.000,0,0.000,0,0.000,0,0.000,0,0.000,2015-08-04,09:51:58,03";
var hq_str_sz300008="上海佳豪,0.000,17.240,0.000,0.000,0,0.000,0.000,0,0.000,0,0.000,0,0.000,0,0.000,0,0.000,0,0.000,0,0.000,0,0.000,0,0.000,0,0.000,0,0.000,2015-08-04,09:51:58,03";
var hq_str_sz300009="安科生物,20.890,20.840,21.430,21.600,20.890,21.400,21.430,1293839,27689889.910,7800,21.400,1600,21.380,4000,21.360,5500,21.350,1000,21.340,6300,21.430,1800,21.440,24800,21.450,6700,21.470,6666,21.480,2015-08-04,09:52:01,00";
var hq_str_sz300010="立思辰,0.000,25.880,0.000,0.000,0,0.000,0.000,0,0.000,0,0.000,0,0.000,0,0.000,0,0.000,0,0.000,0,0.000,0,0.000,0,0.000,0,0.000,0,0.000,2015-08-04,09:52:04,03";
var hq_str_sz300011="鼎汉技术,0.000,38.000,0.000,0.000,0,0.000,0.000,0,0.000,0,0.000,0,0.000,0,0.000,0,0.000,0,0.000,0,0.000,0,0.000,0,0.000,0,0.000,0,0.000,2015-08-04,09:52:04,03";
var hq_str_sz300012="华测检测,22.700,23.100,22.710,22.990,22.110,22.710,22.740,10008301,227113353.630,38000,22.710,10800,22.700,5400,22.690,14000,22.680,1100,22.670,800,22.740,6200,22.750,8600,22.760,6000,22.770,16965,22.780,2015-08-04,09:52:04,00";
var hq_str_sz300013="新宁物流,16.220,16.290,16.700,17.000,16.220,16.680,16.700,2068194,34643376.520,3200,16.680,100,16.670,1500,16.660,5700,16.650,4900,16.640,3921,16.700,1300,16.710,200,16.720,2000,16.740,8700,16.780,2015-08-04,09:52:07,00";
var hq_str_sz300014="亿纬锂能,18.460,18.460,18.880,19.110,18.460,18.870,18.880,1329277,25060835.780,1800,18.870,14100,18.860,10000,18.850,5200,18.830,100,18.820,36852,18.880,28276,18.900,9800,18.910,2200,18.940,1400,18.960,2015-08-04,09:52:10,00";
var hq_str_sz300015="爱尔眼科,33.550,33.830,33.280,34.220,33.230,33.280,33.360,2611503,87963004.040,8000,33.280,200,33.270,2400,33.250,500,33.240,1937,33.230,4777,33.360,9600,33.380,2000,33.400,1000,33.430,100,33.450,2015-08-04,09:52:10,00";
var hq_str_sz300016="北陆药业,25.600,25.700,25.600,26.600,25.450,25.580,25.600,3768969,97581688.400,400,25.580,6500,25.560,10000,25.540,2100,25.520,25800,25.510,35605,25.600,300,25.660,100,25.710,191,25.750,800,25.860,2015-08-04,09:52:13,00";
var hq_str_sz300017="网宿科技,49.480,48.430,50.130,50.480,48.630,50.040,50.050,3431321,169860308.700,500,50.040,700,50.020,9352,50.010,22800,50.000,1100,49.960,900,50.050,200,50.090,100,50.140,17100,50.150,1000,50.160,2015-08-04,09:52:16,00";
var hq_str_sz300018="中元华电,29.990,31.770,29.990,31.550,28.600,29.990,30.000,1866777,55640467.350,8700,29.990,800,29.980,10700,29.950,1800,29.930,100,29.900,18100,30.000,400,30.020,6300,30.030,100,30.050,1000,30.090,2015-08-04,09:52:16,00";
var hq_str_sz300019="硅宝科技,11.290,11.500,11.780,11.990,11.290,11.780,11.800,1698910,20007016.400,3700,11.780,1000,11.770,1800,11.760,11200,11.750,800,11.730,2700,11.800,500,11.830,6100,11.850,4800,11.870,1100,11.880,2015-08-04,09:52:19,00";
var hq_str_sz300020="银江股份,0.000,26.350,0.000,0.000,0,0.000,0.000,0,0.000,0,0.000,0,0.000,0,0.000,0,0.000,0,0.000,0,0.000,0,0.000,0,0.000,0,0.000,0,0.000,2015-08-04,09:52:19,03";
var hq_str_sz300021="大禹节水,13.550,13.550,13.810,13.960,13.550,13.800,13.810,1655633,22876211.040,18900,13.800,4800,13.780,3000,13.760,27900,13.750,300,13.740,100,13.810,300,13.820,3000,13.830,4800,13.850,500,13.870,2015-08-04,09:52:22,00";
var hq_str_sz300022="吉峰农机,9.940,9.980,10.250,10.400,9.930,10.230,10.250,3925340,40093109.500,7100,10.230,1000,10.220,8700,10.210,39800,10.200,10400,10.190,20200,10.250,400,10.270,4200,10.280,14900,10.290,18596,10.300,2015-08-04,09:52:22,00";
var hq_str_sz300023="宝德股份,22.500,22.270,22.940,23.160,22.500,22.880,22.940,269140,6178501.600,700,22.880,2200,22.860,1600,22.850,2000,22.780,1000,22.750,1900,22.940,200,22.980,100,22.990,5700,23.000,1000,23.040,2015-08-04,09:52:22,00";
var hq_str_sz300024="机器人,76.830,77.280,78.520,79.800,76.830,78.520,78.560,3691478,289647276.370,400,78.520,21600,78.510,12700,78.500,400,78.490,3300,78.400,1300,78.560,100,78.570,3100,78.600,600,78.690,2500,78.700,2015-08-04,09:52:25,00";
var hq_str_sz300025="华星创业,16.000,15.890,16.400,16.590,16.000,16.380,16.400,1418213,23275514.220,800,16.380,1500,16.360,19400,16.340,2000,16.310,8600,16.300,9200,16.400,8100,16.410,14600,16.420,1200,16.430,4100,16.440,2015-08-04,09:52:25,00";
var hq_str_sz300026="红日药业,18.440,18.260,18.510,18.720,18.200,18.510,18.520,3907168,72133574.310,8700,18.510,36799,18.500,24358,18.480,10300,18.470,600,18.460,500,18.520,22000,18.600,6487,18.630,2700,18.640,500,18.670,2015-08-04,09:52:25,00";
var hq_str_sz300027="华谊兄弟,0.000,39.580,0.000,0.000,0,0.000,0.000,0,0.000,0,0.000,0,0.000,0,0.000,0,0.000,0,0.000,0,0.000,0,0.000,0,0.000,0,0.000,0,0.000,2015-08-04,09:52:28,03";
var hq_str_sz300028="金亚科技,0.000,34.510,0.000,0.000,0,0.000,0.000,0,0.000,0,0.000,0,0.000,0,0.000,0,0.000,0,0.000,0,0.000,0,0.000,0,0.000,0,0.000,0,0.000,2015-08-04,09:52:31,03";
var hq_str_sz300029="天龙光电,11.000,10.850,11.250,11.370,10.990,11.230,11.250,1784645,19973810.750,5500,11.230,25000,11.220,26400,11.210,38500,11.200,53000,11.180,15100,11.250,4400,11.260,1500,11.270,2300,11.280,3000,11.290,2015-08-04,09:52:31,00";
var hq_str_sz300030="阳普医疗,0.000,18.820,0.000,0.000,0,0.000,0.000,0,0.000,0,0.000,0,0.000,0,0.000,0,0.000,0,0.000,0,0.000,0,0.000,0,0.000,0,0.000,0,0.000,2015-08-04,09:52:34,03";
var hq_str_sz300031="宝通带业,0.000,22.820,0.000,0.000,0,0.000,0.000,0,0.000,0,0.000,0,0.000,0,0.000,0,0.000,0,0.000,0,0.000,0,0.000,0,0.000,0,0.000,0,0.000,2015-08-04,09:52:34,03";
var hq_str_sz300032="金龙机电,32.010,33.500,33.980,34.700,32.010,33.960,33.980,4076240,137636384.090,1300,33.960,1000,33.920,4400,33.910,3600,33.900,6700,33.850,300,33.980,21500,34.000,3100,34.130,11300,34.140,400,34.150,2015-08-04,09:52:34,00";
var hq_str_sz300033="同花顺,67.990,67.610,69.200,69.980,67.990,69.200,69.260,1272946,88079776.970,4900,69.200,300,69.150,100,69.140,400,69.110,400,69.100,200,69.260,1500,69.270,1200,69.280,5000,69.290,3300,69.300,2015-08-04,09:52:37,00";
var hq_str_sz300034="钢研高纳,25.030,25.130,25.910,26.250,25.030,25.910,25.940,1505443,38913326.240,800,25.910,115900,25.900,1000,25.890,6100,25.880,1700,25.870,3100,25.940,1500,25.990,1800,26.070,700,26.080,300,26.090,2015-08-04,09:52:40,00";
var hq_str_sz300035="中科电气,9.880,9.760,10.070,10.210,9.760,10.070,10.080,2238498,22463380.360,12000,10.070,4300,10.060,9400,10.050,28400,10.040,1300,10.030,5000,10.080,29954,10.100,23200,10.110,4700,10.120,28790,10.130,2015-08-04,09:52:40,00";
var hq_str_sz300036="超图软件,26.310,26.270,26.910,27.450,26.310,26.900,26.910,2094471,56266983.030,1500,26.900,2000,26.890,16700,26.880,100,26.860,100,26.820,1300,26.910,4700,26.920,2000,26.950,700,26.960,2100,26.990,2015-08-04,09:52:43,00";
var hq_str_sz300037="新宙邦,28.100,28.040,29.060,29.320,28.100,29.060,29.090,281500,8150779.000,600,29.060,9900,29.050,20200,29.030,1000,29.020,300,29.010,4700,29.090,3400,29.100,1200,29.110,2000,29.120,3400,29.140,2015-08-04,09:52:43,00";
var hq_str_sz300038="梅泰诺,28.010,27.860,28.510,28.970,27.580,28.510,28.520,1909658,54196615.640,3644,28.510,2200,28.500,5000,28.490,1000,28.460,1000,28.450,7900,28.520,3500,28.550,6500,28.560,2900,28.580,1000,28.600,2015-08-04,09:52:43,00";
var hq_str_sz300039="上海凯宝,13.980,13.780,14.280,14.440,13.950,14.280,14.290,5278493,75056232.230,3370,14.280,37595,14.260,24526,14.250,10700,14.240,600,14.230,12100,14.290,17000,14.300,5300,14.310,200,14.320,3100,14.330,2015-08-04,09:52:46,00";
var hq_str_sz300040="九洲电气,8.980,8.880,9.110,9.240,8.890,9.110,9.130,1655000,15046457.000,8300,9.110,24400,9.100,10000,9.090,20300,9.080,10500,9.060,3100,9.130,38910,9.150,2800,9.160,15047,9.170,23600,9.180,2015-08-04,09:52:46,00";
var hq_str_sz300041="回天新材,26.200,26.360,26.690,26.990,26.000,26.680,26.690,740614,19753160.760,100,26.680,200,26.670,1700,26.650,5700,26.610,15800,26.600,1800,26.690,1100,26.700,3200,26.710,10000,26.720,3500,26.730,2015-08-04,09:52:46,00";
var hq_str_sz300042="朗科科技,31.700,31.400,32.500,33.070,31.690,32.450,32.500,627800,20399560.000,600,32.450,2500,32.400,1300,32.350,500,32.320,300,32.310,1400,32.500,4000,32.570,1000,32.580,2500,32.590,2200,32.600,2015-08-04,09:52:49,00";
var hq_str_sz300043="互动娱乐,14.650,14.700,14.950,15.190,14.630,14.940,14.950,3952256,59280366.320,900,14.940,800,14.930,15500,14.920,10900,14.910,72000,14.900,700,14.950,8300,14.970,22300,14.990,30860,15.000,1700,15.010,2015-08-04,09:52:49,00";
var hq_str_sz300044="赛为智能,21.820,22.360,22.650,23.320,21.820,22.610,22.650,4009022,90881429.210,500,22.610,500,22.600,874,22.580,500,22.560,200,22.550,12700,22.650,8300,22.660,400,22.670,13300,22.690,17567,22.700,2015-08-04,09:52:49,00";
var hq_str_sz300045="华力创通,17.950,18.730,19.380,19.880,17.860,19.370,19.380,5749466,110325686.520,10600,19.370,2000,19.360,8800,19.350,900,19.340,11900,19.330,700,19.380,13400,19.400,7400,19.410,1000,19.420,100,19.430,2015-08-04,09:52:52,00";
var hq_str_sz300046="台基股份,14.890,14.670,15.240,15.450,14.890,15.200,15.240,1121150,16961542.100,1500,15.200,4800,15.190,20200,15.180,2400,15.170,5900,15.160,7500,15.240,3300,15.250,6600,15.260,10007,15.270,500,15.280,2015-08-04,09:52:55,00";
var hq_str_sz300047="天源迪科,23.540,26.150,23.540,23.540,23.540,0.000,23.540,72200,1699588.000,0,0.000,0,0.000,0,0.000,0,0.000,0,0.000,58636124,23.540,183500,23.550,400,23.560,200,23.570,91902,23.580,2015-08-04,09:52:55,00";
var hq_str_sz300048="合康变频,0.000,21.290,0.000,0.000,0,0.000,0.000,0,0.000,0,0.000,0,0.000,0,0.000,0,0.000,0,0.000,0,0.000,0,0.000,0,0.000,0,0.000,0,0.000,2015-08-04,09:52:58,03";
var hq_str_sz300049="福瑞股份,27.950,27.320,27.940,28.480,27.080,27.920,27.940,2636489,73432227.260,3100,27.920,8200,27.900,3200,27.890,4100,27.840,5000,27.830,2100,27.940,500,27.990,6700,28.000,2000,28.060,300,28.090,2015-08-04,09:52:58,00";
var hq_str_sz300050="世纪鼎利,20.250,20.250,21.000,21.470,20.250,20.970,21.000,1407386,29366135.980,5800,20.970,6700,20.950,1100,20.920,5100,20.900,2600,20.890,13600,21.000,700,21.020,500,21.080,200,21.120,100,21.130,2015-08-04,09:52:58,00";
var hq_str_sz300051="三五互联,0.000,11.860,0.000,0.000,0,0.000,0.000,0,0.000,0,0.000,0,0.000,0,0.000,0,0.000,0,0.000,0,0.000,0,0.000,0,0.000,0,0.000,0,0.000,2015-08-04,09:53:01,03";
var hq_str_sz300052="中青宝,0.000,22.000,0.000,0.000,0,0.000,0.000,0,0.000,0,0.000,0,0.000,0,0.000,0,0.000,0,0.000,0,0.000,0,0.000,0,0.000,0,0.000,0,0.000,2015-08-04,09:53:01,03";
var hq_str_sz300053="欧比特,37.000,38.460,39.700,41.570,37.000,39.620,39.700,3534468,139252796.200,1100,39.620,500,39.610,21900,39.600,15300,39.500,3022,39.490,49200,39.700,7100,39.730,4100,39.740,300,39.760,500,39.780,2015-08-04,09:53:01,00";
var hq_str_sz300054="鼎龙股份,17.050,17.050,17.260,17.680,17.050,17.260,17.270,2193600,38389036.000,2600,17.260,20000,17.250,500,17.230,100,17.210,15200,17.200,9600,17.270,44800,17.300,10700,17.310,7600,17.320,10900,17.330,2015-08-04,09:53:07,00";
var hq_str_sz300055="万邦达,20.780,20.680,21.070,21.460,20.690,21.060,21.070,5615389,119047261.460,500,21.060,5500,21.050,4800,21.040,3000,21.030,3400,21.020,13800,21.070,16000,21.080,11300,21.090,12600,21.100,600,21.110,2015-08-04,09:53:07,00";
var hq_str_sz300056="三维丝,0.000,46.550,0.000,0.000,0,0.000,0.000,0,0.000,0,0.000,0,0.000,0,0.000,0,0.000,0,0.000,0,0.000,0,0.000,0,0.000,0,0.000,0,0.000,2015-08-04,09:53:10,03";
var hq_str_sz300057="万顺股份,14.120,13.980,14.290,14.510,14.070,14.290,14.300,1323450,18931421.160,11376,14.290,6500,14.280,6400,14.220,11000,14.210,48500,14.200,21400,14.300,100,14.330,200,14.340,2500,14.350,22200,14.370,2015-08-04,09:53:13,00";
var hq_str_sz300058="蓝色光标,13.600,13.560,13.450,13.700,13.220,13.450,13.460,8861798,119760909.230,12000,13.450,95900,13.440,12900,13.430,36300,13.420,97500,13.410,56014,13.460,3000,13.470,400,13.480,4400,13.490,24400,13.500,2015-08-04,09:53:13,00";
var hq_str_sz300059="东方财富,45.560,45.610,45.980,46.670,45.410,45.970,45.980,12250263,564063515.640,100,45.970,1600,45.950,600,45.930,500,45.910,1000,45.900,100,45.980,1300,45.990,600,46.000,300,46.020,35,46.030,2015-08-04,09:53:13,00";
var hq_str_sz300061="康耐特,10.370,10.280,10.570,10.670,10.200,10.550,10.570,992782,10433478.780,600,10.550,8700,10.530,5000,10.520,8600,10.510,42200,10.500,5000,10.570,4700,10.580,300,10.590,19180,10.600,2700,10.610,2015-08-04,09:53:19,00";
var hq_str_sz300062="中能电气,0.000,13.120,0.000,0.000,0,0.000,0.000,0,0.000,0,0.000,0,0.000,0,0.000,0,0.000,0,0.000,0,0.000,0,0.000,0,0.000,0,0.000,0,0.000,2015-08-04,09:53:19,03";
var hq_str_sz300063="天龙集团,25.240,25.240,25.710,26.390,25.240,25.700,25.710,624600,16241088.000,4600,25.700,8000,25.660,11000,25.650,200,25.560,600,25.550,5100,25.710,500,25.720,300,25.750,1000,25.790,16400,25.800,2015-08-04,09:53:22,00";
var hq_str_sz300064="豫金刚石,0.000,8.530,0.000,0.000,0,0.000,0.000,0,0.000,0,0.000,0,0.000,0,0.000,0,0.000,0,0.000,0,0.000,0,0.000,0,0.000,0,0.000,0,0.000,2015-08-04,09:53:22,03";
var hq_str_sz300065="海兰信,29.000,28.500,29.410,30.000,28.590,29.420,29.450,2476080,73224784.000,2100,29.420,8700,29.400,4200,29.350,3300,29.320,1100,29.310,5000,29.450,2400,29.500,6900,29.510,600,29.550,900,29.570,2015-08-04,09:53:22,00";
var hq_str_sz300066="三川股份,11.380,11.530,11.750,12.000,11.330,11.740,11.750,3518535,41201615.550,4400,11.740,9900,11.730,7000,11.720,8636,11.710,20700,11.700,1900,11.750,12000,11.790,31000,11.800,1000,11.840,2800,11.850,2015-08-04,09:53:25,00";
var hq_str_sz300067="安诺其,9.680,9.540,9.770,9.940,9.610,9.760,9.770,2014930,19717476.200,3000,9.760,44600,9.750,2500,9.740,18600,9.730,5600,9.720,3500,9.770,7800,9.780,11000,9.790,40560,9.800,1000,9.810,2015-08-04,09:53:28,00";
var hq_str_sz300068="南都电源,12.440,12.240,12.650,12.790,12.310,12.650,12.670,4686077,58933262.820,4900,12.650,53500,12.640,18900,12.630,19200,12.620,41700,12.610,117198,12.670,18100,12.680,2100,12.690,69600,12.700,4500,12.710,2015-08-04,09:53:28,00";
var hq_str_sz300069="金利华电,23.000,22.600,23.840,24.380,23.000,23.800,23.840,2203175,52524405.320,11000,23.800,1600,23.790,2800,23.780,800,23.750,3200,23.700,2927,23.840,1100,23.850,2300,23.890,32100,23.900,100,23.940,2015-08-04,09:53:31,00";
var hq_str_sz300070="碧水源,0.000,47.500,0.000,0.000,0,0.000,0.000,0,0.000,0,0.000,0,0.000,0,0.000,0,0.000,0,0.000,0,0.000,0,0.000,0,0.000,0,0.000,0,0.000,2015-08-04,09:53:34,03";
var hq_str_sz300071="华谊嘉信,0.000,13.660,0.000,0.000,0,0.000,0.000,0,0.000,0,0.000,0,0.000,0,0.000,0,0.000,0,0.000,0,0.000,0,0.000,0,0.000,0,0.000,0,0.000,2015-08-04,09:53:34,03";
var hq_str_sz300072="三聚环保,39.100,38.990,39.130,39.500,38.600,39.080,39.130,2355302,92199557.650,400,39.080,7400,39.070,6670,39.060,1200,39.050,1000,39.040,1328,39.130,500,39.140,1700,39.150,4000,39.180,14900,39.190,2015-08-04,09:53:37,00";
var hq_str_sz300073="当升科技,22.610,23.760,22.580,23.750,21.850,22.540,22.570,2181100,49265581.820,1400,22.540,2000,22.520,1000,22.510,8500,22.500,4000,22.490,200,22.570,7341,22.580,10400,22.600,400,22.610,8700,22.640,2015-08-04,09:53:37,00";
var hq_str_sz300074="华平股份,10.370,10.390,10.770,10.980,10.370,10.760,10.770,5147731,55143954.270,23900,10.760,30600,10.750,47900,10.740,69000,10.730,27700,10.720,11544,10.770,54500,10.800,10500,10.810,20000,10.820,18600,10.830,2015-08-04,09:53:37,00";
var hq_str_sz300075="数字政通,24.130,24.030,24.750,25.220,24.130,24.730,24.750,3780004,93427321.200,100,24.730,20486,24.720,7700,24.710,4800,24.700,20900,24.690,10000,24.750,2700,24.780,2900,24.800,900,24.820,700,24.830,2015-08-04,09:53:37,00";
var hq_str_sz300076="GQY视讯,26.590,26.220,26.800,27.100,26.530,26.770,26.800,631500,16958088.000,9600,26.770,800,26.760,5500,26.740,2400,26.730,10000,26.710,11616,26.800,500,26.850,3245,26.900,3000,26.930,4400,26.960,2015-08-04,09:53:37,00";
var hq_str_sz300077="国民技术,34.100,33.640,34.240,34.660,33.260,34.220,34.240,3620915,123805922.260,200,34.220,3600,34.200,10900,34.160,4500,34.110,16000,34.100,9900,34.240,900,34.250,2000,34.260,3000,34.280,5000,34.340,2015-08-04,09:53:37,00";
var hq_str_sz300078="中瑞思创,59.260,58.500,60.300,61.450,58.720,60.300,60.980,987726,59693581.000,700,60.300,700,59.610,700,59.600,800,59.510,2500,59.500,500,60.980,900,60.990,42750,61.000,200,61.050,500,61.090,2015-08-04,09:53:43,00";
var hq_str_sz300079="数码视讯,17.420,17.250,17.700,17.890,17.300,17.680,17.700,8909662,156831109.930,200,17.680,5400,17.670,23800,17.660,7000,17.650,12300,17.640,1300,17.700,9400,17.720,2600,17.730,11428,17.740,1600,17.750,2015-08-04,09:53:43,00";
var hq_str_sz300080="新大新材,7.850,7.830,8.050,8.150,7.830,8.040,8.050,4452860,35772655.920,42200,8.040,97800,8.030,700,8.020,13500,8.010,25200,8.000,48900,8.050,74500,8.060,10100,8.070,36200,8.080,15800,8.090,2015-08-04,09:53:46,00";
var hq_str_sz300081="恒信移动,0.000,30.710,0.000,0.000,0,0.000,0.000,0,0.000,0,0.000,0,0.000,0,0.000,0,0.000,0,0.000,0,0.000,0,0.000,0,0.000,0,0.000,0,0.000,2015-08-04,09:53:46,03";
var hq_str_sz300082="奥克股份,7.010,7.130,7.270,7.450,7.010,7.270,7.280,1718260,12459417.240,14600,7.270,8800,7.260,8900,7.250,6300,7.240,700,7.230,9100,7.280,7800,7.290,1200,7.300,3800,7.330,15700,7.350,2015-08-04,09:53:49,00";
var hq_str_sz300083="劲胜精密,0.000,37.480,0.000,0.000,0,0.000,0.000,0,0.000,0,0.000,0,0.000,0,0.000,0,0.000,0,0.000,0,0.000,0,0.000,0,0.000,0,0.000,0,0.000,2015-08-04,09:53:49,03";
var hq_str_sz300084="海默科技,10.780,10.780,11.000,11.240,10.780,11.000,11.020,3447519,38072500.980,7800,11.000,19400,10.990,31800,10.980,9100,10.970,9400,10.960,8000,11.020,2300,11.030,200,11.050,500,11.080,200,11.090,2015-08-04,09:53:52,00";
var hq_str_sz300085="银之杰,43.060,43.520,43.080,43.820,42.680,43.080,43.100,3364424,145764732.600,300,43.080,84300,43.000,500,42.990,8800,42.980,500,42.900,1064,43.100,100,43.160,4950,43.300,900,43.310,1200,43.350,2015-08-04,09:53:52,00";
var hq_str_sz300086="康芝药业,21.800,23.130,22.710,23.130,21.800,22.710,22.720,3583297,80902569.790,58900,22.710,81500,22.700,1400,22.670,500,22.660,200,22.650,100,22.720,16300,22.920,28425,22.930,100500,22.990,8500,23.000,2015-08-04,09:53:52,00";
var hq_str_sz300087="荃银高科,0.000,14.980,0.000,0.000,0,0.000,0.000,0,0.000,0,0.000,0,0.000,0,0.000,0,0.000,0,0.000,0,0.000,0,0.000,0,0.000,0,0.000,0,0.000,2015-08-04,09:53:55,03";
var hq_str_sz300088="长信科技,21.450,21.000,21.700,21.980,21.100,21.680,21.700,5060048,109089209.580,30300,21.680,200,21.660,700,21.630,500,21.620,6100,21.610,10890,21.700,102900,21.720,2700,21.730,6100,21.750,500,21.780,2015-08-04,09:53:55,00";
var hq_str_sz300089="长城集团,0.000,41.980,0.000,0.000,0,0.000,0.000,0,0.000,0,0.000,0,0.000,0,0.000,0,0.000,0,0.000,0,0.000,0,0.000,0,0.000,0,0.000,0,0.000,2015-08-04,09:53:55,03";
var hq_str_sz300090="盛运环保,20.150,19.810,20.410,20.670,19.900,20.410,20.420,3188620,64978200.060,11100,20.410,6000,20.350,1000,20.330,1000,20.320,200,20.310,300,20.420,300,20.450,1000,20.480,200,20.490,6500,20.500,2015-08-04,09:53:58,00";
var hq_str_sz300091="金通灵,29.960,30.290,30.300,30.480,29.730,30.300,30.350,336000,10182942.000,7300,30.300,600,30.230,700,30.210,1700,30.200,1000,30.170,4482,30.350,500,30.360,7600,30.370,11300,30.380,5000,30.390,2015-08-04,09:54:01,00";
var hq_str_sz300092="科新机电,10.090,10.120,10.480,10.750,10.090,10.480,10.490,958546,10086496.580,1700,10.480,2600,10.470,1700,10.460,1800,10.450,300,10.430,1300,10.490,3200,10.500,1700,10.510,3950,10.520,4100,10.540,2015-08-04,09:54:01,00";
var hq_str_sz300093="金刚玻璃,0.000,25.850,0.000,0.000,0,0.000,0.000,0,0.000,0,0.000,0,0.000,0,0.000,0,0.000,0,0.000,0,0.000,0,0.000,0,0.000,0,0.000,0,0.000,2015-08-04,09:54:01,03";
var hq_str_sz300094="国联水产,0.000,31.140,0.000,0.000,0,0.000,0.000,0,0.000,0,0.000,0,0.000,0,0.000,0,0.000,0,0.000,0,0.000,0,0.000,0,0.000,0,0.000,0,0.000,2015-08-04,09:54:04,03";
var hq_str_sz300095="华伍股份,9.500,9.340,9.590,9.800,9.450,9.590,9.600,2130700,20471337.000,5100,9.590,31500,9.580,2200,9.570,6600,9.560,33200,9.550,3700,9.600,50700,9.610,7300,9.620,27000,9.650,21200,9.660,2015-08-04,09:54:04,00";
var hq_str_sz300096="易联众,0.000,39.550,0.000,0.000,0,0.000,0.000,0,0.000,0,0.000,0,0.000,0,0.000,0,0.000,0,0.000,0,0.000,0,0.000,0,0.000,0,0.000,0,0.000,2015-08-04,09:54:07,03";
var hq_str_sz300097="智云股份,33.000,33.760,33.600,34.360,33.000,33.500,33.600,1780746,59902594.460,9100,33.500,7000,33.460,1000,33.270,18456,33.250,7500,33.240,600,33.600,177,33.660,800,33.700,4900,33.760,2100,33.770,2015-08-04,09:54:10,00";
var hq_str_sz300098="高新兴,23.500,23.100,24.100,24.500,23.350,24.100,24.120,2221043,53320146.750,2500,24.100,21000,24.090,5100,24.080,7300,24.060,37900,24.050,500,24.120,1100,24.140,9129,24.150,2300,24.160,200,24.220,2015-08-04,09:54:10,00";
var hq_str_sz300099="尤洛卡,0.000,26.450,0.000,0.000,0,0.000,0.000,0,0.000,0,0.000,0,0.000,0,0.000,0,0.000,0,0.000,0,0.000,0,0.000,0,0.000,0,0.000,0,0.000,2015-08-04,09:54:10,03";
var hq_str_sz300100="双林股份,15.680,15.540,15.900,16.200,15.620,15.890,15.900,1202787,19218507.420,500,15.890,21,15.860,8500,15.850,500,15.840,2300,15.820,279,15.900,400,15.930,4700,15.960,300,15.970,9700,15.980,2015-08-04,09:54:10,00";
var hq_str_sz300101="振芯科技,51.010,49.860,54.850,54.850,51.000,54.850,0.000,4916052,263386934.140,3210458,54.850,5600,54.840,4500,54.830,1300,54.800,600,54.600,0,0.000,0,0.000,0,0.000,0,0.000,0,0.000,2015-08-04,09:54:16,00";
var hq_str_sz300102="乾照光电,7.740,7.740,8.050,8.130,7.740,8.020,8.050,2310600,18511393.210,32200,8.020,201700,8.010,37000,8.000,3500,7.980,5500,7.960,26700,8.050,18500,8.060,8100,8.070,17900,8.080,10079,8.090,2015-08-04,09:54:16,00";
var hq_str_sz300103="达刚路机,16.200,16.050,16.500,16.790,16.200,16.500,16.530,680300,11275816.000,9200,16.500,600,16.460,20400,16.450,6500,16.430,14000,16.420,2000,16.530,2000,16.560,5000,16.570,500,16.590,500,16.600,2015-08-04,09:54:16,00";
var hq_str_sz300104="乐视网,48.350,48.300,47.870,48.940,47.300,47.870,47.940,12041264,580050499.000,600,47.870,200,47.850,7279,47.810,900,47.800,1000,47.700,5400,47.940,11350,47.950,3700,47.970,46900,47.980,13800,47.990,2015-08-04,09:54:16,00";
var hq_str_sz300105="龙源技术,9.880,9.750,10.050,10.150,9.860,10.060,10.070,3737392,37378982.110,5000,10.060,4500,10.050,16700,10.040,23700,10.030,13800,10.020,5500,10.070,104400,10.080,5000,10.120,6800,10.130,8100,10.140,2015-08-04,09:54:16,00";
var hq_str_sz300106="西部牧业,16.350,16.500,16.600,16.740,16.350,16.550,16.600,1669419,27691619.790,3300,16.550,500,16.510,14000,16.500,2300,16.490,6700,16.480,5900,16.600,6300,16.610,1000,16.620,9000,16.630,6000,16.640,2015-08-04,09:54:19,00";
var hq_str_sz300107="建新股份,6.190,6.150,6.350,6.440,6.190,6.330,6.350,1189982,7522367.810,500,6.330,20900,6.320,21700,6.310,73200,6.300,3300,6.290,6200,6.350,11500,6.360,3900,6.370,50100,6.380,31400,6.400,2015-08-04,09:54:22,00";
var hq_str_sz300108="双龙股份,0.000,10.050,0.000,0.000,0,0.000,0.000,0,0.000,0,0.000,0,0.000,0,0.000,0,0.000,0,0.000,0,0.000,0,0.000,0,0.000,0,0.000,0,0.000,2015-08-04,09:54:25,03";
var hq_str_sz300109="新开源,0.000,41.910,0.000,0.000,0,0.000,0.000,0,0.000,0,0.000,0,0.000,0,0.000,0,0.000,0,0.000,0,0.000,0,0.000,0,0.000,0,0.000,0,0.000,2015-08-04,09:54:25,03";
var hq_str_sz300110="华仁药业,12.020,12.220,12.380,12.670,12.020,12.380,12.410,2954632,36590788.730,27714,12.380,535,12.370,6000,12.360,700,12.350,2800,12.340,1000,12.410,1000,12.430,5241,12.440,4200,12.450,3000,12.460,2015-08-04,09:54:25,00";
var hq_str_sz300111="向日葵,5.490,5.460,5.660,5.730,5.490,5.650,5.660,7519863,42425893.540,24700,5.650,43600,5.640,133400,5.630,64100,5.620,42800,5.610,102800,5.660,254300,5.670,190600,5.680,121900,5.690,194900,5.700,2015-08-04,09:54:28,00";
var hq_str_sz300112="万讯自控,0.000,22.070,0.000,0.000,0,0.000,0.000,0,0.000,0,0.000,0,0.000,0,0.000,0,0.000,0,0.000,0,0.000,0,0.000,0,0.000,0,0.000,0,0.000,2015-08-04,09:54:28,03";
var hq_str_sz300113="顺网科技,0.000,57.700,0.000,0.000,0,0.000,0.000,0,0.000,0,0.000,0,0.000,0,0.000,0,0.000,0,0.000,0,0.000,0,0.000,0,0.000,0,0.000,0,0.000,2015-08-04,09:54:31,03";
var hq_str_sz300114="中航电测,34.800,35.340,36.350,37.020,34.360,36.350,36.360,829538,30176274.350,1400,36.350,500,36.330,900,36.300,3000,36.220,1900,36.180,400,36.360,7500,36.500,500,36.590,201,36.600,2700,36.610,2015-08-04,09:54:31,00";
var hq_str_sz300115="长盈精密,38.510,38.040,37.670,38.860,37.500,37.520,37.670,2964504,113204296.260,300,37.520,1400,37.510,800,37.500,1000,37.470,100,37.460,2000,37.670,23500,37.680,35700,37.700,100,37.750,22700,37.760,2015-08-04,09:54:31,00";
var hq_str_sz300116="坚瑞消防,6.760,6.690,6.920,7.020,6.750,6.920,6.930,2332746,16069830.060,1100,6.920,5000,6.910,27100,6.900,51800,6.890,23600,6.880,14600,6.930,3300,6.940,1600,6.950,41300,6.960,13500,6.970,2015-08-04,09:54:34,00";
var hq_str_sz300117="嘉寓股份,8.240,8.230,8.420,8.480,8.240,8.400,8.420,1325951,11122005.370,3900,8.400,5900,8.390,36100,8.380,92599,8.370,35900,8.360,4700,8.420,15050,8.440,30000,8.450,5900,8.460,22300,8.470,2015-08-04,09:54:34,00";
var hq_str_sz300118="东方日升,12.330,12.310,12.620,12.750,12.330,12.610,12.620,3865634,48559588.370,500,12.610,1500,12.600,500,12.540,3400,12.530,26900,12.520,4200,12.620,1000,12.630,2200,12.640,5000,12.650,7100,12.680,2015-08-04,09:54:37,00";
var hq_str_sz300119="瑞普生物,14.120,14.010,14.550,14.680,14.120,14.520,14.550,1730956,24989889.480,15100,14.520,55900,14.500,6200,14.480,75500,14.470,300,14.460,5200,14.550,300,14.560,800,14.570,1500,14.580,100,14.590,2015-08-04,09:54:37,00";
var hq_str_sz300120="经纬电材,13.320,13.040,14.340,14.340,13.320,14.340,0.000,3892789,54378309.720,4513022,14.340,1300,14.320,5000,14.310,5200,14.300,3000,14.290,0,0.000,0,0.000,0,0.000,0,0.000,0,0.000,2015-08-04,09:54:40,00";
var hq_str_sz300121="阳谷华泰,9.220,9.140,9.380,9.550,9.180,9.390,9.440,747700,7021625.000,5500,9.390,2400,9.380,18600,9.370,11900,9.360,22600,9.350,1000,9.440,10000,9.450,16600,9.490,8000,9.500,7600,9.520,2015-08-04,09:54:40,00";
var hq_str_sz300122="智飞生物,23.050,23.050,23.680,23.910,23.050,23.680,23.700,673743,15898662.990,3138,23.680,5087,23.610,2000,23.600,50300,23.550,2100,23.520,36200,23.700,3200,23.780,8100,23.790,3000,23.800,2000,23.820,2015-08-04,09:54:43,00";
var hq_str_sz300123="太阳鸟,0.000,20.440,0.000,0.000,0,0.000,0.000,0,0.000,0,0.000,0,0.000,0,0.000,0,0.000,0,0.000,0,0.000,0,0.000,0,0.000,0,0.000,0,0.000,2015-08-04,09:54:43,03";
var hq_str_sz300124="汇川技术,40.650,40.010,41.100,41.750,40.600,41.100,41.200,1835957,75481735.440,17400,41.100,700,41.060,3700,41.050,500,41.040,2500,41.030,1600,41.200,100,41.250,100,41.270,2400,41.300,2300,41.340,2015-08-04,09:54:46,00";
var hq_str_sz300125="易世达,24.970,24.500,25.200,25.280,24.070,25.200,25.240,645502,15972724.050,5900,25.200,77100,25.100,100,24.990,3500,24.910,20500,24.900,1400,25.240,10000,25.250,2700,25.270,3800,25.280,11300,25.300,2015-08-04,09:54:46,00";
var hq_str_sz300126="锐奇股份,18.510,18.380,18.920,19.110,18.500,18.930,18.940,3096617,58354505.320,2700,18.930,7800,18.920,42732,18.910,4600,18.900,14800,18.880,100,18.940,1000,18.960,18200,18.980,200,18.990,3400,19.000,2015-08-04,09:54:46,00";
var hq_str_sz300127="银河磁体,12.700,12.650,12.940,13.100,12.700,12.910,12.940,779808,10052555.020,3000,12.910,10100,12.900,7300,12.890,2200,12.870,1800,12.860,1600,12.940,13700,12.950,500,12.980,1600,12.990,11600,13.000,2015-08-04,09:54:46,00";
var hq_str_sz300128="锦富新材,0.000,18.290,0.000,0.000,0,0.000,0.000,0,0.000,0,0.000,0,0.000,0,0.000,0,0.000,0,0.000,0,0.000,0,0.000,0,0.000,0,0.000,0,0.000,2015-08-04,09:54:49,03";
var hq_str_sz300129="泰胜风能,7.100,7.050,7.370,7.440,7.100,7.370,7.380,3363120,24633737.200,2000,7.370,8800,7.360,12700,7.350,2000,7.340,6700,7.330,8000,7.380,26750,7.390,52000,7.400,8200,7.410,15500,7.420,2015-08-04,09:54:52,00";
var hq_str_sz300130="新国都,24.900,24.690,25.590,25.780,24.900,25.550,25.590,1683463,42830008.340,700,25.550,3500,25.510,1300,25.500,5100,25.490,1800,25.480,5674,25.590,9200,25.600,500,25.610,10200,25.620,400,25.630,2015-08-04,09:54:52,00";
var hq_str_sz300131="英唐智控,0.000,21.630,0.000,0.000,0,0.000,0.000,0,0.000,0,0.000,0,0.000,0,0.000,0,0.000,0,0.000,0,0.000,0,0.000,0,0.000,0,0.000,0,0.000,2015-08-04,09:54:55,03";
var hq_str_sz300132="青松股份,8.680,7.890,8.680,8.680,8.680,8.680,0.000,342600,2973768.000,61613200,8.680,326500,8.670,11400,8.660,2800,8.650,7300,8.640,0,0.000,0,0.000,0,0.000,0,0.000,0,0.000,2015-08-04,09:54:55,00";
var hq_str_sz300133="华策影视,30.780,30.780,31.100,31.590,30.060,31.110,31.150,3551688,110269864.250,1000,31.110,865,31.100,700,31.090,6688,31.060,500,31.050,10938,31.150,1003,31.180,12335,31.200,400,31.250,6845,31.300,2015-08-04,09:54:55,00";
var hq_str_sz300134="大富科技,0.000,22.950,0.000,0.000,0,0.000,0.000,0,0.000,0,0.000,0,0.000,0,0.000,0,0.000,0,0.000,0,0.000,0,0.000,0,0.000,0,0.000,0,0.000,2015-08-04,09:54:58,03";
var hq_str_sz300135="宝利国际,0.000,12.650,0.000,0.000,0,0.000,0.000,0,0.000,0,0.000,0,0.000,0,0.000,0,0.000,0,0.000,0,0.000,0,0.000,0,0.000,0,0.000,0,0.000,2015-08-04,09:54:58,03";
var hq_str_sz300136="信维通信,25.680,25.600,25.860,26.500,25.020,25.860,25.870,3214304,83254765.620,1100,25.860,3300,25.830,4000,25.820,1100,25.800,500,25.780,9012,25.870,1100,25.880,3300,25.910,2300,25.940,10400,25.970,2015-08-04,09:55:01,00";
var hq_str_sz300137="先河环保,18.660,19.430,19.000,19.400,18.660,18.940,19.000,6211473,118081693.390,6400,18.940,2400,18.920,18800,18.910,54800,18.900,11600,18.890,56400,19.000,24300,19.040,6800,19.050,3100,19.060,200,19.070,2015-08-04,09:55:01,00";
var hq_str_sz300138="晨光生物,14.370,14.050,14.560,14.690,14.280,14.550,14.560,712841,10341969.630,3000,14.550,200,14.540,3100,14.530,6100,14.520,9400,14.510,500,14.560,6500,14.570,5600,14.580,2000,14.590,1500,14.600,2015-08-04,09:55:01,00";
var hq_str_sz300139="福星晓程,15.100,14.830,15.370,15.520,15.010,15.370,15.380,2123000,32385369.000,4700,15.370,7100,15.360,2400,15.350,12300,15.340,10900,15.330,600,15.380,8400,15.390,6100,15.400,25700,15.410,10000,15.420,2015-08-04,09:55:01,00";
var hq_str_sz300140="启源装备,26.020,26.030,26.760,27.300,26.020,26.720,26.760,1672900,45059948.080,2016,26.720,1200,26.710,9000,26.700,1300,26.680,2600,26.670,3100,26.760,3184,26.800,500,26.840,10800,26.950,3400,26.980,2015-08-04,09:55:04,00";
var hq_str_sz300141="和顺电气,15.720,15.710,16.130,16.200,15.080,16.110,16.150,839606,13381257.830,10000,16.110,700,16.100,5100,16.090,100,16.050,5000,16.030,3500,16.150,1800,16.170,5600,16.180,5100,16.190,10100,16.200,2015-08-04,09:55:07,00";
var hq_str_sz300142="沃森生物,0.000,48.700,0.000,0.000,0,0.000,0.000,0,0.000,0,0.000,0,0.000,0,0.000,0,0.000,0,0.000,0,0.000,0,0.000,0,0.000,0,0.000,0,0.000,2015-08-04,09:55:07,03";
var hq_str_sz300143="星河生物,0.000,19.230,0.000,0.000,0,0.000,0.000,0,0.000,0,0.000,0,0.000,0,0.000,0,0.000,0,0.000,0,0.000,0,0.000,0,0.000,0,0.000,0,0.000,2015-08-04,09:55:07,03";
var hq_str_sz300144="宋城演艺,56.950,57.170,58.300,58.950,56.950,58.290,58.300,968754,56123558.580,600,58.290,500,58.280,700,58.200,1000,58.180,2200,58.120,300,58.300,200,58.310,200,58.320,300,58.350,400,58.370,2015-08-04,09:55:10,00";
var hq_str_sz300145="南方泵业,28.690,28.720,29.390,29.620,28.690,29.390,29.420,329860,9695333.000,100,29.390,2500,29.320,6800,29.310,2100,29.300,3000,29.290,4100,29.420,1800,29.490,10200,29.500,5400,29.510,500,29.520,2015-08-04,09:55:10,00";
var hq_str_sz300146="汤臣倍健,33.500,33.600,34.550,34.970,33.410,34.550,34.590,3473275,119170283.540,246,34.550,3100,34.470,500,34.460,4300,34.450,15300,34.420,1600,34.590,11400,34.600,5936,34.610,3700,34.620,4500,34.640,2015-08-04,09:55:13,00";
var hq_str_sz300147="香雪制药,21.650,21.540,21.680,21.970,21.480,21.680,21.700,3208152,69578553.940,1029,21.680,11489,21.660,3900,21.650,6935,21.640,8548,21.630,41270,21.700,13200,21.750,6800,21.780,12000,21.790,154500,21.800,2015-08-04,09:55:16,00";
var hq_str_sz300148="天舟文化,19.600,19.410,19.870,20.010,19.590,19.860,19.870,2529963,50222311.990,18500,19.860,10100,19.850,14438,19.830,2900,19.820,2400,19.810,3800,19.870,8400,19.910,2200,19.920,2000,19.930,3000,19.940,2015-08-04,09:55:16,00";
var hq_str_sz300149="量子高科,0.000,18.770,0.000,0.000,0,0.000,0.000,0,0.000,0,0.000,0,0.000,0,0.000,0,0.000,0,0.000,0,0.000,0,0.000,0,0.000,0,0.000,0,0.000,2015-08-04,09:55:16,03";
var hq_str_sz300150="世纪瑞尔,0.000,11.950,0.000,0.000,0,0.000,0.000,0,0.000,0,0.000,0,0.000,0,0.000,0,0.000,0,0.000,0,0.000,0,0.000,0,0.000,0,0.000,0,0.000,2015-08-04,09:55:19,03";
var hq_str_sz300151="昌红科技,13.260,14.550,14.290,14.700,13.260,14.290,14.300,6643838,93407461.610,13900,14.290,24600,14.270,15950,14.260,9900,14.250,1200,14.230,22032,14.300,3000,14.310,600,14.340,600,14.360,2200,14.380,2015-08-04,09:55:19,00";
var hq_str_sz300152="燃控科技,29.400,29.370,30.700,30.800,29.400,30.680,30.700,5488041,165782118.960,1000,30.680,9700,30.660,3100,30.650,5300,30.630,1200,30.620,101700,30.700,1400,30.720,28400,30.730,3400,30.740,60300,30.750,2015-08-04,09:55:22,00";
var hq_str_sz300153="科泰电源,9.340,9.300,9.530,9.670,9.340,9.530,9.540,1045900,9967236.000,7600,9.530,200,9.490,6200,9.480,9700,9.470,8400,9.450,3100,9.540,200,9.550,11700,9.560,30000,9.570,13100,9.580,2015-08-04,09:55:22,00";
var hq_str_sz300154="瑞凌股份,0.000,18.840,0.000,0.000,0,0.000,0.000,0,0.000,0,0.000,0,0.000,0,0.000,0,0.000,0,0.000,0,0.000,0,0.000,0,0.000,0,0.000,0,0.000,2015-08-04,09:55:25,03";
var hq_str_sz300155="安居宝,17.400,17.190,17.620,17.900,17.290,17.620,17.630,4534601,79665163.560,800,17.620,1400,17.600,2800,17.590,4200,17.580,2400,17.560,13851,17.630,1100,17.650,10000,17.660,800,17.670,11400,17.680,2015-08-04,09:55:25,00";
var hq_str_sz300156="神雾环保,37.290,37.500,38.120,38.360,37.110,38.120,38.150,874952,33157377.460,12000,38.120,2600,38.040,15500,38.030,3400,38.020,4800,38.010,5000,38.150,1600,38.180,300,38.190,13700,38.200,3100,38.280,2015-08-04,09:55:28,00";
var hq_str_sz300157="恒泰艾普,0.000,8.730,0.000,0.000,0,0.000,0.000,0,0.000,0,0.000,0,0.000,0,0.000,0,0.000,0,0.000,0,0.000,0,0.000,0,0.000,0,0.000,0,0.000,2015-08-04,09:55:28,03";
var hq_str_sz300158="振东制药,0.000,18.800,0.000,0.000,0,0.000,0.000,0,0.000,0,0.000,0,0.000,0,0.000,0,0.000,0,0.000,0,0.000,0,0.000,0,0.000,0,0.000,0,0.000,2015-08-04,09:55:28,03";
var hq_str_sz300159="新研股份,16.400,16.820,17.120,17.500,16.400,17.120,17.130,2714497,46646621.230,14300,17.120,31600,17.110,6400,17.100,1000,17.090,1000,17.080,68600,17.130,3000,17.170,300,17.200,10600,17.210,100,17.230,2015-08-04,09:55:28,00";
var hq_str_sz300160="秀强股份,15.400,15.390,15.950,16.100,15.400,15.940,15.950,1346234,21337651.260,20500,15.940,900,15.930,1200,15.920,200,15.900,1500,15.870,6500,15.950,1300,15.970,2400,15.980,4100,15.990,8500,16.000,2015-08-04,09:55:28,00";
var hq_str_sz300161="华中数控,0.000,38.200,0.000,0.000,0,0.000,0.000,0,0.000,0,0.000,0,0.000,0,0.000,0,0.000,0,0.000,0,0.000,0,0.000,0,0.000,0,0.000,0,0.000,2015-08-04,09:55:28,03";
var hq_str_sz300162="雷曼光电,18.100,19.430,18.690,19.070,18.080,18.680,18.690,3465264,64250706.680,500,18.680,13648,18.670,4100,18.660,17149,18.650,4200,18.640,2202,18.690,26252,18.700,500,18.750,300,18.780,2200,18.790,2015-08-04,09:55:28,00";
var hq_str_sz300163="先锋新材,0.000,29.820,0.000,0.000,0,0.000,0.000,0,0.000,0,0.000,0,0.000,0,0.000,0,0.000,0,0.000,0,0.000,0,0.000,0,0.000,0,0.000,0,0.000,2015-08-04,09:55:28,03";
var hq_str_sz300164="通源石油,0.000,17.140,0.000,0.000,0,0.000,0.000,0,0.000,0,0.000,0,0.000,0,0.000,0,0.000,0,0.000,0,0.000,0,0.000,0,0.000,0,0.000,0,0.000,2015-08-04,09:55:28,03";
var hq_str_sz300165="天瑞仪器,18.040,17.700,18.510,19.100,17.980,18.500,18.510,2819704,52178413.230,2900,18.500,3500,18.490,10700,18.450,600,18.440,5000,18.430,42962,18.510,2000,18.550,900,18.560,12200,18.570,5200,18.590,2015-08-04,09:55:40,00";
var hq_str_sz300166="东方国信,25.110,26.000,25.580,26.500,25.110,25.600,25.620,4184154,107394839.200,3000,25.600,2000,25.570,5500,25.560,1100,25.540,1000,25.530,12600,25.620,800,25.700,3000,25.740,2100,25.760,7000,25.770,2015-08-04,09:55:40,00";
var hq_str_sz300167="迪威视讯,23.990,23.850,24.290,24.550,23.350,24.260,24.290,2895405,69749000.800,1300,24.260,6500,24.240,1600,24.230,15500,24.220,1500,24.210,600,24.290,29100,24.300,2200,24.330,13600,24.350,1100,24.380,2015-08-04,09:55:40,00";
var hq_str_sz300168="万达信息,30.010,32.140,31.710,32.500,30.010,31.700,31.710,13689221,428154757.170,23700,31.700,1700,31.670,800,31.650,500,31.620,8000,31.610,3000,31.710,3000,31.780,10300,31.800,100,31.820,3,31.850,2015-08-04,09:55:40,00";
var hq_str_sz300169="天晟新材,0.000,8.330,0.000,0.000,0,0.000,0.000,0,0.000,0,0.000,0,0.000,0,0.000,0,0.000,0,0.000,0,0.000,0,0.000,0,0.000,0,0.000,0,0.000,2015-08-04,09:55:43,03";
var hq_str_sz300170="汉得信息,16.900,16.370,17.050,17.240,16.450,17.050,17.070,11668556,198053561.970,4400,17.050,50265,17.030,16900,17.020,21600,17.010,28500,17.000,2800,17.070,200,17.090,30500,17.100,5400,17.110,5400,17.120,2015-08-04,09:55:46,00";
var hq_str_sz300171="东富龙,20.940,20.710,21.170,21.400,20.930,21.150,21.170,3147386,66755093.910,1500,21.150,11400,21.110,20016,21.100,1500,21.070,4000,21.050,4800,21.170,1200,21.180,1400,21.190,100,21.200,300,21.250,2015-08-04,09:55:49,00";
var hq_str_sz300172="中电环保,13.550,13.550,13.950,14.130,13.550,13.930,13.950,1434300,19971450.500,7700,13.930,2600,13.920,3100,13.900,9700,13.890,23000,13.880,1500,13.950,200,13.960,3900,13.970,2600,14.000,300,14.010,2015-08-04,09:55:49,00";
var hq_str_sz300173="智慧松德,14.670,14.360,14.790,14.870,14.550,14.790,14.800,1547700,22832510.700,500,14.790,3800,14.750,3800,14.740,4800,14.730,500,14.720,1100,14.800,1200,14.810,200,14.820,15400,14.830,8000,14.840,2015-08-04,09:55:52,00";
var hq_str_sz300174="元力股份,16.500,16.990,17.450,17.760,16.500,17.370,17.400,980800,16964823.000,2900,17.370,5500,17.350,4000,17.340,17500,17.330,1400,17.320,200,17.400,1000,17.430,2600,17.450,4800,17.530,600,17.540,2015-08-04,09:55:52,00";
var hq_str_sz300175="朗源股份,8.440,8.370,8.640,8.790,8.420,8.640,8.660,3229800,27841514.000,53300,8.640,1100,8.630,1000,8.620,9400,8.610,42800,8.600,100,8.660,25000,8.670,6900,8.680,16700,8.690,19700,8.700,2015-08-04,09:55:52,00";
var hq_str_sz300176="鸿特精密,20.840,20.870,21.420,21.770,20.840,21.420,21.490,455000,9767523.000,300,21.420,4300,21.410,10700,21.400,1000,21.390,1000,21.380,500,21.490,8900,21.500,1400,21.600,3000,21.610,4000,21.630,2015-08-04,09:55:55,00";
var hq_str_sz300177="中海达,16.000,16.630,17.170,17.490,15.850,17.170,17.180,4555275,76971522.290,3300,17.170,20300,17.160,10297,17.150,100,17.140,4500,17.130,1100,17.180,7700,17.190,21080,17.200,800,17.210,600,17.220,2015-08-04,09:55:58,00";
var hq_str_sz300178="腾邦国际,29.800,30.280,30.010,30.800,29.200,30.010,30.020,5395860,161431165.790,4000,30.010,6700,30.000,300,29.990,11500,29.980,300,29.970,1000,30.020,5100,30.060,3500,30.080,1800,30.090,36700,30.100,2015-08-04,09:55:58,00";
var hq_str_sz300179="四方达,7.400,7.420,7.670,7.780,7.370,7.660,7.670,1889681,14435246.350,46300,7.660,14800,7.650,200,7.640,6339,7.630,5000,7.620,28900,7.670,200,7.690,12896,7.700,3700,7.710,2300,7.720,2015-08-04,09:56:01,00";
var hq_str_sz300180="华峰超纤,13.650,13.640,14.000,14.100,13.650,14.000,14.020,1095189,15287906.550,50000,14.000,2200,13.960,6000,13.950,3600,13.940,9000,13.930,1700,14.020,800,14.040,4700,14.050,8400,14.060,9489,14.070,2015-08-04,09:56:01,00";
var hq_str_sz300181="佐力药业,0.000,7.650,0.000,0.000,0,0.000,0.000,0,0.000,0,0.000,0,0.000,0,0.000,0,0.000,0,0.000,0,0.000,0,0.000,0,0.000,0,0.000,0,0.000,2015-08-04,09:56:01,03";
var hq_str_sz300182="捷成股份,0.000,31.200,0.000,0.000,0,0.000,0.000,0,0.000,0,0.000,0,0.000,0,0.000,0,0.000,0,0.000,0,0.000,0,0.000,0,0.000,0,0.000,0,0.000,2015-08-04,09:56:01,03";
var hq_str_sz300183="东软载波,22.380,22.000,23.100,23.320,22.380,23.090,23.100,2338995,53335413.840,500,23.090,1100,23.070,600,23.040,2000,23.030,2300,23.010,19208,23.100,11200,23.130,1800,23.140,3204,23.150,1200,23.160,2015-08-04,09:56:04,00";
var hq_str_sz300184="力源信息,0.000,25.940,0.000,0.000,0,0.000,0.000,0,0.000,0,0.000,0,0.000,0,0.000,0,0.000,0,0.000,0,0.000,0,0.000,0,0.000,0,0.000,0,0.000,2015-08-04,09:56:04,03";
var hq_str_sz300185="通裕重工,8.950,8.980,9.280,9.380,8.940,9.270,9.280,5685980,52615032.750,29500,9.270,13200,9.260,10500,9.250,16000,9.240,9800,9.230,2700,9.280,38800,9.290,81400,9.300,11100,9.310,8113,9.320,2015-08-04,09:56:10,00";
var hq_str_sz300186="大华农,41.120,44.250,44.000,46.910,41.120,44.000,44.040,3765034,169729665.950,12100,44.000,9100,43.980,200,43.350,5200,43.330,500,43.200,2400,44.040,28910,44.140,8900,44.160,900,44.170,2400,44.200,2015-08-04,09:56:10,00";
var hq_str_sz300187="永清环保,32.180,30.780,31.650,32.320,31.180,31.650,31.710,778955,24793276.210,800,31.650,300,31.630,300,31.610,4800,31.600,5000,31.550,1300,31.710,100,31.730,200,31.770,1700,31.800,7900,31.850,2015-08-04,09:56:10,00";
var hq_str_sz300188="美亚柏科,0.000,37.150,0.000,0.000,0,0.000,0.000,0,0.000,0,0.000,0,0.000,0,0.000,0,0.000,0,0.000,0,0.000,0,0.000,0,0.000,0,0.000,0,0.000,2015-08-04,09:56:13,03";
var hq_str_sz300189="神农大丰,0.000,28.370,0.000,0.000,0,0.000,0.000,0,0.000,0,0.000,0,0.000,0,0.000,0,0.000,0,0.000,0,0.000,0,0.000,0,0.000,0,0.000,0,0.000,2015-08-04,09:56:16,03";
var hq_str_sz300190="维尔利,0.000,34.340,0.000,0.000,0,0.000,0.000,0,0.000,0,0.000,0,0.000,0,0.000,0,0.000,0,0.000,0,0.000,0,0.000,0,0.000,0,0.000,0,0.000,2015-08-04,09:56:19,03";
var hq_str_sz300191="潜能恒信,0.000,13.250,0.000,0.000,0,0.000,0.000,0,0.000,0,0.000,0,0.000,0,0.000,0,0.000,0,0.000,0,0.000,0,0.000,0,0.000,0,0.000,0,0.000,2015-08-04,09:56:19,03";
var hq_str_sz300192="科斯伍德,9.260,9.210,9.490,9.680,9.260,9.480,9.490,3382340,32108444.300,5500,9.480,6300,9.470,1000,9.460,62000,9.450,15200,9.440,9600,9.490,19180,9.500,17200,9.510,12000,9.520,5000,9.530,2015-08-04,09:56:25,00";
var hq_str_sz300193="佳士科技,22.890,22.650,23.210,23.560,22.650,23.210,23.220,2057033,47627404.040,4700,23.210,11800,23.200,16800,23.180,4500,23.170,20100,23.160,100,23.220,12000,23.240,8600,23.250,1000,23.280,1700,23.290,2015-08-04,09:56:25,00";
var hq_str_sz300194="福安药业,18.080,17.900,18.300,18.700,18.000,18.300,18.390,941690,17297033.600,100,18.300,2600,18.270,800,18.260,1900,18.250,10710,18.240,500,18.390,1200,18.430,2500,18.440,2900,18.450,4000,18.470,2015-08-04,09:56:25,00";
var hq_str_sz300195="长荣股份,0.000,31.960,0.000,0.000,0,0.000,0.000,0,0.000,0,0.000,0,0.000,0,0.000,0,0.000,0,0.000,0,0.000,0,0.000,0,0.000,0,0.000,0,0.000,2015-08-04,09:56:25,03";
var hq_str_sz300196="长海股份,0.000,35.410,0.000,0.000,0,0.000,0.000,0,0.000,0,0.000,0,0.000,0,0.000,0,0.000,0,0.000,0,0.000,0,0.000,0,0.000,0,0.000,0,0.000,2015-08-04,09:56:28,03";
var hq_str_sz300197="铁汉生态,0.000,36.030,0.000,0.000,0,0.000,0.000,0,0.000,0,0.000,0,0.000,0,0.000,0,0.000,0,0.000,0,0.000,0,0.000,0,0.000,0,0.000,0,0.000,2015-08-04,09:56:28,03";
var hq_str_sz300198="纳川股份,11.500,11.650,11.840,11.970,11.400,11.800,11.840,2204450,25979423.370,1900,11.800,400,11.790,3300,11.770,5600,11.760,8000,11.750,900,11.840,13900,11.850,2600,11.880,33000,11.890,24500,11.900,2015-08-04,09:56:34,00";
var hq_str_sz300199="翰宇药业,22.540,22.560,22.850,23.290,22.540,22.820,22.850,2195795,50112929.150,23437,22.820,16900,22.810,94372,22.800,100,22.780,2000,22.770,5776,22.850,200,22.930,32345,22.950,6853,22.960,200,22.980,2015-08-04,09:56:34,00";
var hq_str_sz300200="高盟新材,10.810,10.710,11.100,11.220,10.810,11.100,11.110,1300900,14413387.080,1100,11.100,3000,11.090,5900,11.080,700,11.070,1700,11.060,800,11.110,2400,11.120,100,11.130,1600,11.140,10300,11.150,2015-08-04,09:56:34,00";
var hq_str_sz300201="海伦哲,12.400,12.700,13.100,13.190,12.400,13.060,13.100,4373846,56272670.860,700,13.060,500,13.050,2600,13.000,12500,12.970,1200,12.950,5500,13.100,2500,13.110,20900,13.130,19900,13.140,37300,13.150,2015-08-04,09:56:40,00";
var hq_str_sz300202="聚龙股份,35.610,35.600,35.690,35.990,35.460,35.690,35.790,228257,8174424.120,1100,35.690,800,35.650,1000,35.630,700,35.620,700,35.610,9300,35.790,15000,35.800,1600,35.850,2300,35.860,9000,35.900,2015-08-04,09:56:40,00";
var hq_str_sz300203="聚光科技,0.000,37.640,0.000,0.000,0,0.000,0.000,0,0.000,0,0.000,0,0.000,0,0.000,0,0.000,0,0.000,0,0.000,0,0.000,0,0.000,0,0.000,0,0.000,2015-08-04,09:56:40,03";
var hq_str_sz300204="舒泰神,30.000,29.400,30.160,30.690,29.550,30.130,30.150,864483,26093415.480,600,30.130,700,30.120,500,30.100,900,30.090,500,30.080,2398,30.150,17000,30.200,25600,30.210,900,30.480,3400,30.500,2015-08-04,09:56:46,00";
var hq_str_sz300205="天喻信息,17.400,17.280,17.630,18.080,17.180,17.630,17.670,3735767,65927322.070,53800,17.630,7500,17.620,25600,17.610,18300,17.600,100,17.590,1500,17.670,29700,17.680,11600,17.690,8136,17.700,9000,17.710,2015-08-04,09:56:46,00";
var hq_str_sz300206="理邦仪器,18.000,17.750,18.550,18.800,18.000,18.520,18.550,1989900,36546783.700,5300,18.520,5100,18.510,100,18.500,8000,18.460,19000,18.450,3600,18.550,300,18.560,500,18.580,3000,18.590,20400,18.600,2015-08-04,09:56:46,00";
var hq_str_sz300207="欣旺达,21.100,21.200,21.540,22.100,21.100,21.530,21.540,1606209,34850176.860,500,21.530,2714,21.520,1000,21.510,21000,21.500,500,21.490,1100,21.540,10600,21.560,1800,21.600,500,21.610,17100,21.620,2015-08-04,09:56:49,00";
